new_model,strategy,n,recovered_n,recovery_rate
Idefics2-8B,generic_verification,109,8,0.07339449541284404
Idefics2-8B,oracle_group_capability_conditioned,109,12,0.11009174311926606
Idefics2-8B,oracle_group_capability_phenotype_conditioned,108,12,0.1111111111111111
Idefics2-8B,oracle_group_conditioned,109,12,0.11009174311926606
Idefics2-8B,oracle_taxonomy_conditioned_reasoning,108,14,0.12962962962962962
Idefics3-8B,generic_verification,165,5,0.030303030303030304
Idefics3-8B,oracle_group_capability_conditioned,165,10,0.06060606060606061
Idefics3-8B,oracle_group_capability_phenotype_conditioned,165,12,0.07272727272727272
Idefics3-8B,oracle_group_conditioned,165,12,0.07272727272727272
Idefics3-8B,oracle_taxonomy_conditioned_reasoning,165,33,0.2
InternVL2.5-2B,generic_verification,115,12,0.10434782608695652
InternVL2.5-2B,oracle_group_capability_conditioned,115,13,0.11304347826086956
InternVL2.5-2B,oracle_group_capability_phenotype_conditioned,115,16,0.1391304347826087
InternVL2.5-2B,oracle_group_conditioned,115,18,0.1565217391304348
InternVL2.5-2B,oracle_taxonomy_conditioned_reasoning,115,31,0.26956521739130435
InternVL2.5-4B,generic_verification,91,5,0.054945054945054944
InternVL2.5-4B,oracle_group_capability_conditioned,91,6,0.06593406593406594
InternVL2.5-4B,oracle_group_capability_phenotype_conditioned,91,9,0.0989010989010989
InternVL2.5-4B,oracle_group_conditioned,91,9,0.0989010989010989
InternVL2.5-4B,oracle_taxonomy_conditioned_reasoning,91,32,0.3516483516483517
InternVL2.5-8B,generic_verification,65,9,0.13846153846153847
InternVL2.5-8B,oracle_group_capability_conditioned,65,12,0.18461538461538463
InternVL2.5-8B,oracle_group_capability_phenotype_conditioned,65,13,0.2
InternVL2.5-8B,oracle_group_conditioned,65,11,0.16923076923076924
InternVL2.5-8B,oracle_taxonomy_conditioned_reasoning,65,14,0.2153846153846154
LLaVA-1.6,generic_verification,127,13,0.10236220472440945
LLaVA-1.6,oracle_group_capability_conditioned,127,17,0.13385826771653545
LLaVA-1.6,oracle_group_capability_phenotype_conditioned,125,18,0.144
LLaVA-1.6,oracle_group_conditioned,127,17,0.13385826771653545
LLaVA-1.6,oracle_taxonomy_conditioned_reasoning,125,38,0.304
LLaVA-OneVision,generic_verification,114,4,0.03508771929824561
LLaVA-OneVision,oracle_group_capability_conditioned,114,4,0.03508771929824561
LLaVA-OneVision,oracle_group_capability_phenotype_conditioned,113,6,0.05309734513274336
LLaVA-OneVision,oracle_group_conditioned,114,5,0.043859649122807015
LLaVA-OneVision,oracle_taxonomy_conditioned_reasoning,113,8,0.07079646017699115
Ovis2-2B,generic_verification,139,6,0.04316546762589928
Ovis2-2B,oracle_group_capability_conditioned,139,11,0.07913669064748201
Ovis2-2B,oracle_group_capability_phenotype_conditioned,139,7,0.050359712230215826
Ovis2-2B,oracle_group_conditioned,139,7,0.050359712230215826
Ovis2-2B,oracle_taxonomy_conditioned_reasoning,139,25,0.17985611510791366
Ovis2.5-2B,generic_verification,94,6,0.06382978723404255
Ovis2.5-2B,oracle_group_capability_conditioned,94,8,0.0851063829787234
Ovis2.5-2B,oracle_group_capability_phenotype_conditioned,94,5,0.05319148936170213
Ovis2.5-2B,oracle_group_conditioned,94,5,0.05319148936170213
Ovis2.5-2B,oracle_taxonomy_conditioned_reasoning,94,33,0.35106382978723405
Qwen2.5-VL-3B,generic_verification,140,3,0.02142857142857143
Qwen2.5-VL-3B,oracle_group_capability_conditioned,140,4,0.02857142857142857
Qwen2.5-VL-3B,oracle_group_capability_phenotype_conditioned,139,6,0.04316546762589928
Qwen2.5-VL-3B,oracle_group_conditioned,140,4,0.02857142857142857
Qwen2.5-VL-3B,oracle_taxonomy_conditioned_reasoning,139,21,0.1510791366906475
Qwen2.5-VL-7B,generic_verification,89,2,0.02247191011235955
Qwen2.5-VL-7B,oracle_group_capability_conditioned,89,2,0.02247191011235955
Qwen2.5-VL-7B,oracle_group_capability_phenotype_conditioned,89,4,0.0449438202247191
Qwen2.5-VL-7B,oracle_group_conditioned,89,2,0.02247191011235955
Qwen2.5-VL-7B,oracle_taxonomy_conditioned_reasoning,89,25,0.2808988764044944
