dataset,strategy,n,recovered_n,recovery_rate
MMBench,generic_verification,129,9,0.06976744186046512
MMBench,oracle_group_capability_conditioned,129,13,0.10077519379844961
MMBench,oracle_group_capability_phenotype_conditioned,129,15,0.11627906976744186
MMBench,oracle_group_conditioned,129,11,0.08527131782945736
MMBench,oracle_taxonomy_conditioned_reasoning,129,36,0.27906976744186046
MMMU,generic_verification,417,20,0.047961630695443645
MMMU,oracle_group_capability_conditioned,417,30,0.07194244604316546
MMMU,oracle_group_capability_phenotype_conditioned,416,33,0.07932692307692307
MMMU,oracle_group_conditioned,417,29,0.06954436450839328
MMMU,oracle_taxonomy_conditioned_reasoning,416,107,0.25721153846153844
MathVista,generic_verification,231,10,0.04329004329004329
MathVista,oracle_group_capability_conditioned,231,18,0.07792207792207792
MathVista,oracle_group_capability_phenotype_conditioned,229,16,0.06986899563318777
MathVista,oracle_group_conditioned,231,18,0.07792207792207792
MathVista,oracle_taxonomy_conditioned_reasoning,229,50,0.2183406113537118
POPE,generic_verification,73,8,0.1095890410958904
POPE,oracle_group_capability_conditioned,73,9,0.1232876712328767
POPE,oracle_group_capability_phenotype_conditioned,73,10,0.136986301369863
POPE,oracle_group_conditioned,73,10,0.136986301369863
POPE,oracle_taxonomy_conditioned_reasoning,73,26,0.3561643835616438
ScienceQA,generic_verification,212,7,0.0330188679245283
ScienceQA,oracle_group_capability_conditioned,212,7,0.0330188679245283
ScienceQA,oracle_group_capability_phenotype_conditioned,210,11,0.05238095238095238
ScienceQA,oracle_group_conditioned,212,9,0.04245283018867924
ScienceQA,oracle_taxonomy_conditioned_reasoning,210,31,0.14761904761904762
TextVQA,generic_verification,119,12,0.10084033613445378
TextVQA,oracle_group_capability_conditioned,119,15,0.12605042016806722
TextVQA,oracle_group_capability_phenotype_conditioned,119,15,0.12605042016806722
TextVQA,oracle_group_conditioned,119,15,0.12605042016806722
TextVQA,oracle_taxonomy_conditioned_reasoning,119,20,0.16806722689075632
VCR,generic_verification,4,0,0.0
VCR,oracle_group_capability_conditioned,4,0,0.0
VCR,oracle_group_capability_phenotype_conditioned,4,0,0.0
VCR,oracle_group_conditioned,4,0,0.0
VCR,oracle_taxonomy_conditioned_reasoning,4,0,0.0
VQAv2,generic_verification,63,7,0.1111111111111111
VQAv2,oracle_group_capability_conditioned,63,7,0.1111111111111111
VQAv2,oracle_group_capability_phenotype_conditioned,63,8,0.12698412698412698
VQAv2,oracle_group_conditioned,63,10,0.15873015873015872
VQAv2,oracle_taxonomy_conditioned_reasoning,63,4,0.06349206349206349
