Update,Benchmark,N,CC,CI,IC,II,RR,BP,IR,BC,RB,dAcc,transition,dataset,C→C,C→I,I→C,I→I,unclear,candidate_n,CI_source_old,CI_candidate_authoritative,CC_final,CI_final,IC_final,II_final,unclear_final,N_resolved,accounting_delta_vs_expected,RR_final,BP_final,IR_final,BC_final,RB_final,dAcc_final,II_source_regenerated
LLaVA-1.5 → LLaVA-1.6,VQAv2,299,222,19,28,30,7.883817427385892,92.11618257261412,48.27586206896552,15.7190635451505,0.6785714285714286,3.0100334448160537,LLaVA-1.5 → LLaVA-1.6,VQAv2,3,7,0,1,8,19,19,19,225,7,28,31,8,291,0,3.0172413793103448,96.98275862068965,47.45762711864407,12.027491408934708,0.25,7.216494845360825,30
LLaVA-1.5 → LLaVA-1.6,ScienceQA,300,146,27,38,89,15.606936416184972,84.39306358381504,29.921259842519685,21.666666666666668,0.7105263157894737,3.6666666666666665,LLaVA-1.5 → LLaVA-1.6,ScienceQA,0,27,0,0,0,27,27,27,146,27,38,89,0,300,0,15.606936416184972,84.39306358381504,29.921259842519685,21.666666666666668,0.7105263157894737,3.6666666666666665,89
LLaVA-1.5 → LLaVA-1.6,MathVista,300,63,21,44,172,25.0,75.0,20.37037037037037,21.666666666666668,0.4772727272727273,7.666666666666667,LLaVA-1.5 → LLaVA-1.6,MathVista,0,21,0,0,0,21,21,21,63,21,44,172,0,300,0,25.0,75.0,20.37037037037037,21.666666666666668,0.4772727272727273,7.666666666666667,172
LLaVA-1.5 → LLaVA-1.6,TextVQA,298,129,15,72,82,10.416666666666666,89.58333333333333,46.75324675324676,29.19463087248322,0.2083333333333333,19.12751677852349,LLaVA-1.5 → LLaVA-1.6,TextVQA,4,8,0,1,2,15,15,15,133,8,72,83,2,296,0,5.673758865248227,94.32624113475177,46.45161290322581,27.027027027027028,0.1111111111111111,21.62162162162162,82
LLaVA-1.5 → LLaVA-1.6,MMMU,300,54,38,45,163,41.30434782608695,58.69565217391305,21.634615384615383,27.666666666666668,0.8444444444444444,2.333333333333333,LLaVA-1.5 → LLaVA-1.6,MMMU,0,38,0,0,0,38,38,38,54,38,45,163,0,300,0,41.30434782608695,58.69565217391305,21.634615384615383,27.666666666666668,0.8444444444444444,2.3333333333333335,163
LLaVA-1.5 → LLaVA-1.6,POPE,300,242,15,21,22,5.836575875486381,94.16342412451364,48.83720930232558,12.0,0.7142857142857143,2.0,LLaVA-1.5 → LLaVA-1.6,POPE,0,12,1,0,2,15,15,15,242,12,22,22,2,298,0,4.724409448818897,95.2755905511811,50.0,11.409395973154362,0.5454545454545454,3.3557046979865772,22
LLaVA-1.5 → LLaVA-1.6,VCR,300,164,16,21,99,8.88888888888889,91.11111111111111,17.5,12.333333333333334,0.7619047619047619,1.6666666666666667,LLaVA-1.5 → LLaVA-1.6,VCR,0,0,0,0,16,16,16,16,164,0,21,99,16,284,0,0.0,100.0,17.5,7.394366197183099,0.0,7.394366197183099,99
LLaVA-1.5 → LLaVA-1.6,MMBench,300,178,18,28,76,9.183673469387756,90.81632653061224,26.923076923076923,15.333333333333334,0.6428571428571429,3.333333333333333,LLaVA-1.5 → LLaVA-1.6,MMBench,0,14,0,1,3,18,18,18,178,14,28,77,3,297,0,7.291666666666667,92.70833333333333,26.666666666666668,14.141414141414142,0.5,4.713804713804714,76
LLaVA-1.6 → LLaVA-OneVision,VQAv2,300,243,7,25,25,2.8,97.2,50.0,10.666666666666666,0.28,6.0,LLaVA-1.6 → LLaVA-OneVision,VQAv2,2,4,0,1,0,7,7,7,245,4,25,26,0,300,0,1.606425702811245,98.39357429718875,49.01960784313726,9.666666666666666,0.16,7.0,25
LLaVA-1.6 → LLaVA-OneVision,ScienceQA,300,166,18,102,14,9.782608695652174,90.21739130434784,87.93103448275862,40.0,0.1764705882352941,28.0,LLaVA-1.6 → LLaVA-OneVision,ScienceQA,0,18,0,0,0,18,18,18,166,18,102,14,0,300,0,9.782608695652174,90.21739130434783,87.93103448275862,40.0,0.17647058823529413,28.0,14
LLaVA-1.6 → LLaVA-OneVision,MathVista,300,80,27,96,97,25.233644859813083,74.76635514018692,49.740932642487046,41.0,0.28125,23.0,LLaVA-1.6 → LLaVA-OneVision,MathVista,0,27,0,0,0,27,27,27,80,27,96,97,0,300,0,25.233644859813083,74.76635514018692,49.740932642487046,41.0,0.28125,23.0,97
LLaVA-1.6 → LLaVA-OneVision,TextVQA,299,177,24,58,40,11.940298507462687,88.05970149253731,59.18367346938776,27.4247491638796,0.4137931034482758,11.37123745819398,LLaVA-1.6 → LLaVA-OneVision,TextVQA,7,16,0,0,1,24,24,24,184,16,58,40,1,298,0,8.0,92.0,59.183673469387756,24.83221476510067,0.27586206896551724,14.093959731543624,40
LLaVA-1.6 → LLaVA-OneVision,MMMU,300,66,33,84,117,33.333333333333336,66.66666666666666,41.791044776119406,39.0,0.3928571428571428,17.0,LLaVA-1.6 → LLaVA-OneVision,MMMU,0,33,0,0,0,33,33,33,66,33,84,117,0,300,0,33.333333333333336,66.66666666666667,41.791044776119406,39.0,0.39285714285714285,17.0,117
LLaVA-1.6 → LLaVA-OneVision,POPE,300,256,7,15,22,2.661596958174905,97.33840304182507,40.54054054054054,7.333333333333333,0.4666666666666667,2.6666666666666665,LLaVA-1.6 → LLaVA-OneVision,POPE,0,3,0,0,4,7,7,7,256,3,15,22,4,296,0,1.1583011583011582,98.84169884169884,40.54054054054054,6.081081081081081,0.2,4.054054054054054,22
LLaVA-1.6 → LLaVA-OneVision,VCR,300,159,26,48,67,14.054054054054054,85.94594594594595,41.73913043478261,24.666666666666668,0.5416666666666666,7.333333333333333,LLaVA-1.6 → LLaVA-OneVision,VCR,0,0,0,0,26,26,26,26,159,0,48,67,26,274,0,0.0,100.0,41.73913043478261,17.51824817518248,0.0,17.51824817518248,67
LLaVA-1.6 → LLaVA-OneVision,MMBench,300,191,15,55,39,7.281553398058253,92.71844660194176,58.51063829787234,23.33333333333333,0.2727272727272727,13.333333333333334,LLaVA-1.6 → LLaVA-OneVision,MMBench,0,13,0,0,2,15,15,15,191,13,55,39,2,298,0,6.372549019607843,93.62745098039215,58.51063829787234,22.818791946308725,0.23636363636363636,14.093959731543624,39
Qwen2-VL-2B → Qwen2.5-VL-3B,VQAv2,300,241,17,14,28,6.589147286821706,93.4108527131783,33.333333333333336,10.333333333333334,1.2142857142857142,-1.0,Qwen2-VL-2B → Qwen2.5-VL-3B,VQAv2,2,9,0,1,5,17,17,17,243,9,14,29,5,295,0,3.5714285714285716,96.42857142857143,32.55813953488372,7.796610169491525,0.6428571428571429,1.694915254237288,28
Qwen2-VL-2B → Qwen2.5-VL-3B,ScienceQA,300,165,39,49,47,19.11764705882353,80.88235294117646,51.04166666666666,29.33333333333333,0.7959183673469388,3.333333333333333,Qwen2-VL-2B → Qwen2.5-VL-3B,ScienceQA,0,39,0,0,0,39,39,39,165,39,49,47,0,300,0,19.11764705882353,80.88235294117646,51.041666666666664,29.333333333333332,0.7959183673469388,3.3333333333333335,47
Qwen2-VL-2B → Qwen2.5-VL-3B,MathVista,299,121,12,64,102,9.022556390977444,90.97744360902256,38.55421686746988,25.418060200668897,0.1875,17.391304347826086,Qwen2-VL-2B → Qwen2.5-VL-3B,MathVista,0,12,0,0,0,12,12,12,121,12,64,102,0,299,0,9.022556390977444,90.97744360902256,38.55421686746988,25.418060200668897,0.1875,17.391304347826086,102
Qwen2-VL-2B → Qwen2.5-VL-3B,TextVQA,300,195,37,33,35,15.948275862068966,84.05172413793103,48.52941176470589,23.33333333333333,1.121212121212121,-1.3333333333333333,Qwen2-VL-2B → Qwen2.5-VL-3B,TextVQA,14,21,0,0,2,37,37,37,209,21,33,35,2,298,0,9.130434782608695,90.8695652173913,48.529411764705884,18.120805369127517,0.6363636363636364,4.026845637583893,35
Qwen2-VL-2B → Qwen2.5-VL-3B,MMMU,300,84,37,53,126,30.57851239669421,69.42148760330579,29.60893854748604,30.0,0.6981132075471698,5.333333333333333,Qwen2-VL-2B → Qwen2.5-VL-3B,MMMU,0,37,0,0,0,37,37,37,84,37,53,126,0,300,0,30.578512396694215,69.42148760330579,29.608938547486034,30.0,0.6981132075471698,5.333333333333333,126
Qwen2-VL-2B → Qwen2.5-VL-3B,POPE,300,259,6,13,22,2.2641509433962264,97.73584905660375,37.142857142857146,6.333333333333333,0.4615384615384615,2.333333333333333,Qwen2-VL-2B → Qwen2.5-VL-3B,POPE,0,6,0,0,0,6,6,6,259,6,13,22,0,300,0,2.2641509433962264,97.73584905660377,37.142857142857146,6.333333333333333,0.46153846153846156,2.3333333333333335,22
Qwen2-VL-2B → Qwen2.5-VL-3B,VCR,300,156,30,36,78,16.129032258064516,83.87096774193549,31.57894736842105,22.0,0.8333333333333334,2.0,Qwen2-VL-2B → Qwen2.5-VL-3B,VCR,0,3,0,0,27,30,30,30,156,3,36,78,27,273,0,1.8867924528301887,98.11320754716981,31.57894736842105,14.285714285714286,0.08333333333333333,12.087912087912088,78
Qwen2-VL-2B → Qwen2.5-VL-3B,MMBench,300,216,14,28,42,6.086956521739131,93.91304347826087,40.0,14.0,0.5,4.666666666666667,Qwen2-VL-2B → Qwen2.5-VL-3B,MMBench,0,13,0,0,1,14,14,14,216,13,28,42,1,299,0,5.676855895196507,94.32314410480349,40.0,13.7123745819398,0.4642857142857143,5.016722408026756,42
Qwen2-VL-7B → Qwen2.5-VL-7B,VQAv2,300,253,13,13,21,4.887218045112782,95.11278195488724,38.23529411764706,8.666666666666666,1.0,0.0,Qwen2-VL-7B → Qwen2.5-VL-7B,VQAv2,1,7,0,0,5,13,13,13,254,7,13,21,5,295,0,2.681992337164751,97.31800766283524,38.23529411764706,6.779661016949152,0.5384615384615384,2.0338983050847457,21
Qwen2-VL-7B → Qwen2.5-VL-7B,ScienceQA,300,221,13,32,34,5.555555555555555,94.44444444444444,48.48484848484848,15.0,0.40625,6.333333333333333,Qwen2-VL-7B → Qwen2.5-VL-7B,ScienceQA,0,13,0,0,0,13,13,13,221,13,32,34,0,300,0,5.555555555555555,94.44444444444444,48.484848484848484,15.0,0.40625,6.333333333333333,34
Qwen2-VL-7B → Qwen2.5-VL-7B,MathVista,299,162,12,46,79,6.896551724137931,93.10344827586206,36.8,19.39799331103679,0.2608695652173913,11.37123745819398,Qwen2-VL-7B → Qwen2.5-VL-7B,MathVista,0,12,0,0,0,12,12,12,162,12,46,79,0,299,0,6.896551724137931,93.10344827586206,36.8,19.39799331103679,0.2608695652173913,11.37123745819398,79
Qwen2-VL-7B → Qwen2.5-VL-7B,TextVQA,300,245,11,21,23,4.296875,95.703125,47.72727272727273,10.666666666666666,0.5238095238095238,3.333333333333333,Qwen2-VL-7B → Qwen2.5-VL-7B,TextVQA,2,3,0,0,6,11,11,11,247,3,21,23,6,294,0,1.2,98.8,47.72727272727273,8.16326530612245,0.14285714285714285,6.122448979591836,23
Qwen2-VL-7B → Qwen2.5-VL-7B,MMMU,300,112,40,41,107,26.31578947368421,73.6842105263158,27.7027027027027,27.0,0.975609756097561,0.3333333333333333,Qwen2-VL-7B → Qwen2.5-VL-7B,MMMU,0,40,0,0,0,40,40,40,112,40,41,107,0,300,0,26.31578947368421,73.6842105263158,27.7027027027027,27.0,0.975609756097561,0.3333333333333333,107
Qwen2-VL-7B → Qwen2.5-VL-7B,POPE,300,262,6,7,25,2.238805970149253,97.76119402985074,21.875,4.333333333333333,0.8571428571428571,0.3333333333333333,Qwen2-VL-7B → Qwen2.5-VL-7B,POPE,0,2,3,0,1,6,6,6,262,2,10,25,1,299,0,0.7575757575757576,99.24242424242425,28.571428571428573,4.013377926421405,0.2,2.6755852842809364,25
Qwen2-VL-7B → Qwen2.5-VL-7B,VCR,300,172,26,31,71,13.131313131313131,86.86868686868686,30.392156862745097,19.0,0.8387096774193549,1.6666666666666667,Qwen2-VL-7B → Qwen2.5-VL-7B,VCR,0,0,0,0,26,26,26,26,172,0,31,71,26,274,0,0.0,100.0,30.392156862745097,11.313868613138686,0.0,11.313868613138686,71
Qwen2-VL-7B → Qwen2.5-VL-7B,MMBench,300,217,14,37,32,6.0606060606060606,93.93939393939394,53.6231884057971,17.0,0.3783783783783784,7.666666666666667,Qwen2-VL-7B → Qwen2.5-VL-7B,MMBench,0,12,0,0,2,14,14,14,217,12,37,32,2,298,0,5.240174672489083,94.75982532751091,53.6231884057971,16.44295302013423,0.32432432432432434,8.389261744966444,32
InternVL2-2B → InternVL2.5-2B,VQAv2,300,221,19,17,43,7.916666666666667,92.08333333333331,28.33333333333333,12.0,1.1176470588235294,-0.6666666666666666,InternVL2-2B → InternVL2.5-2B,VQAv2,3,11,0,0,5,19,19,19,224,11,17,43,5,295,0,4.680851063829787,95.31914893617021,28.333333333333332,9.491525423728813,0.6470588235294118,2.0338983050847457,43
InternVL2-2B → InternVL2.5-2B,ScienceQA,300,243,22,10,25,8.30188679245283,91.69811320754717,28.571428571428573,10.666666666666666,2.2,-4.0,InternVL2-2B → InternVL2.5-2B,ScienceQA,0,22,0,0,0,22,22,22,243,22,10,25,0,300,0,8.30188679245283,91.69811320754717,28.571428571428573,10.666666666666666,2.2,-4.0,25
InternVL2-2B → InternVL2.5-2B,MathVista,300,140,19,43,98,11.949685534591197,88.0503144654088,30.49645390070922,20.666666666666668,0.4418604651162791,8.0,InternVL2-2B → InternVL2.5-2B,MathVista,0,20,0,0,0,20,19,20,140,20,43,97,0,300,0,12.5,87.5,30.714285714285715,21.0,0.46511627906976744,7.666666666666667,97
InternVL2-2B → InternVL2.5-2B,TextVQA,300,215,15,29,41,6.521739130434782,93.47826086956522,41.42857142857143,14.666666666666666,0.5172413793103449,4.666666666666667,InternVL2-2B → InternVL2.5-2B,TextVQA,4,10,0,0,1,15,15,15,219,10,29,41,1,299,0,4.366812227074236,95.63318777292577,41.42857142857143,13.043478260869565,0.3448275862068966,6.354515050167224,41
InternVL2-2B → InternVL2.5-2B,MMMU,300,68,32,63,137,32.0,68.0,31.5,31.666666666666668,0.5079365079365079,10.333333333333334,InternVL2-2B → InternVL2.5-2B,MMMU,0,32,0,0,0,32,32,32,68,32,63,137,0,300,0,32.0,68.0,31.5,31.666666666666668,0.5079365079365079,10.333333333333334,137
InternVL2-2B → InternVL2.5-2B,POPE,300,256,7,10,27,2.661596958174905,97.33840304182507,27.027027027027028,5.666666666666667,0.7,1.0,InternVL2-2B → InternVL2.5-2B,POPE,0,7,0,0,0,7,7,7,256,7,10,27,0,300,0,2.661596958174905,97.33840304182509,27.027027027027028,5.666666666666667,0.7,1.0,27
InternVL2-2B → InternVL2.5-2B,VCR,300,149,29,35,87,16.292134831460675,83.70786516853933,28.688524590163933,21.33333333333333,0.8285714285714286,2.0,InternVL2-2B → InternVL2.5-2B,VCR,0,0,0,0,29,29,29,29,149,0,35,87,29,271,0,0.0,100.0,28.688524590163933,12.915129151291513,0.0,12.915129151291513,87
InternVL2-2B → InternVL2.5-2B,MMBench,300,207,16,33,44,7.174887892376682,92.82511210762333,42.85714285714285,16.333333333333332,0.4848484848484848,5.666666666666667,InternVL2-2B → InternVL2.5-2B,MMBench,0,13,0,0,3,16,16,16,207,13,33,44,3,297,0,5.909090909090909,94.0909090909091,42.857142857142854,15.488215488215488,0.3939393939393939,6.734006734006734,44
InternVL2-4B → InternVL2.5-4B,VQAv2,299,227,8,22,42,3.404255319148936,96.59574468085108,34.375,10.033444816053512,0.3636363636363636,4.682274247491639,InternVL2-4B → InternVL2.5-4B,VQAv2,2,2,0,0,5,9,8,9,229,2,22,41,5,294,0,0.8658008658008658,99.13419913419914,34.92063492063492,8.16326530612245,0.09090909090909091,6.802721088435374,41
InternVL2-4B → InternVL2.5-4B,ScienceQA,300,261,11,13,15,4.044117647058823,95.95588235294116,46.42857142857143,8.0,0.8461538461538461,0.6666666666666666,InternVL2-4B → InternVL2.5-4B,ScienceQA,0,11,0,0,0,11,11,11,261,11,13,15,0,300,0,4.044117647058823,95.95588235294117,46.42857142857143,8.0,0.8461538461538461,0.6666666666666666,15
InternVL2-4B → InternVL2.5-4B,MathVista,300,153,21,41,85,12.06896551724138,87.93103448275862,32.53968253968254,20.666666666666668,0.5121951219512195,6.666666666666667,InternVL2-4B → InternVL2.5-4B,MathVista,0,21,0,0,0,21,21,21,153,21,41,85,0,300,0,12.068965517241379,87.93103448275862,32.53968253968254,20.666666666666668,0.5121951219512195,6.666666666666667,85
InternVL2-4B → InternVL2.5-4B,TextVQA,300,213,19,38,30,8.189655172413794,91.8103448275862,55.88235294117647,19.0,0.5,6.333333333333333,InternVL2-4B → InternVL2.5-4B,TextVQA,7,3,0,0,8,18,19,18,220,3,38,31,8,292,0,1.345291479820628,98.65470852017937,55.072463768115945,14.04109589041096,0.07894736842105263,11.986301369863014,31
InternVL2-4B → InternVL2.5-4B,MMMU,300,104,38,49,109,26.76056338028169,73.2394366197183,31.0126582278481,29.0,0.7755102040816326,3.6666666666666665,InternVL2-4B → InternVL2.5-4B,MMMU,0,38,0,0,0,38,38,38,104,38,49,109,0,300,0,26.760563380281692,73.2394366197183,31.0126582278481,29.0,0.7755102040816326,3.6666666666666665,109
InternVL2-4B → InternVL2.5-4B,POPE,300,250,9,18,23,3.474903474903475,96.52509652509652,43.90243902439025,9.0,0.5,3.0,InternVL2-4B → InternVL2.5-4B,POPE,0,7,0,0,2,9,9,9,250,7,18,23,2,298,0,2.7237354085603114,97.27626459143968,43.90243902439025,8.389261744966444,0.3888888888888889,3.6912751677852347,23
InternVL2-4B → InternVL2.5-4B,VCR,300,182,26,23,69,12.5,87.5,25.0,16.333333333333332,1.1304347826086956,-1.0,InternVL2-4B → InternVL2.5-4B,VCR,0,0,0,0,26,26,26,26,182,0,23,69,26,274,0,0.0,100.0,25.0,8.394160583941606,0.0,8.394160583941606,69
InternVL2-4B → InternVL2.5-4B,MMBench,300,225,13,23,39,5.46218487394958,94.53781512605042,37.096774193548384,12.0,0.5652173913043478,3.333333333333333,InternVL2-4B → InternVL2.5-4B,MMBench,1,9,0,0,3,13,13,13,226,9,23,39,3,297,0,3.8297872340425534,96.17021276595744,37.096774193548384,10.774410774410775,0.391304347826087,4.713804713804714,39
InternVL2-8B → InternVL2.5-8B,VQAv2,300,241,13,19,27,5.118110236220472,94.88188976377953,41.30434782608695,10.666666666666666,0.6842105263157895,2.0,InternVL2-8B → InternVL2.5-8B,VQAv2,2,7,0,0,4,13,13,13,243,7,19,27,4,296,0,2.8,97.2,41.30434782608695,8.783783783783784,0.3684210526315789,4.054054054054054,27
InternVL2-8B → InternVL2.5-8B,ScienceQA,300,269,4,10,17,1.465201465201465,98.53479853479854,37.03703703703704,4.666666666666667,0.4,2.0,InternVL2-8B → InternVL2.5-8B,ScienceQA,0,4,0,0,0,4,4,4,269,4,10,17,0,300,0,1.465201465201465,98.53479853479854,37.03703703703704,4.666666666666667,0.4,2.0,17
InternVL2-8B → InternVL2.5-8B,MathVista,300,175,15,19,91,7.894736842105263,92.10526315789474,17.272727272727273,11.333333333333334,0.7894736842105263,1.3333333333333333,InternVL2-8B → InternVL2.5-8B,MathVista,0,15,0,0,0,15,15,15,175,15,19,91,0,300,0,7.894736842105263,92.10526315789474,17.272727272727273,11.333333333333334,0.7894736842105263,1.3333333333333333,91
InternVL2-8B → InternVL2.5-8B,TextVQA,300,224,14,16,46,5.882352941176471,94.11764705882354,25.806451612903224,10.0,0.875,0.6666666666666666,InternVL2-8B → InternVL2.5-8B,TextVQA,1,9,0,0,4,14,14,14,225,9,16,46,4,296,0,3.8461538461538463,96.15384615384616,25.806451612903224,8.445945945945946,0.5625,2.364864864864865,46
InternVL2-8B → InternVL2.5-8B,MMMU,300,120,22,47,111,15.492957746478874,84.50704225352112,29.746835443037973,23.0,0.4680851063829787,8.333333333333334,InternVL2-8B → InternVL2.5-8B,MMMU,0,22,0,0,0,22,22,22,120,22,47,111,0,300,0,15.492957746478874,84.50704225352112,29.746835443037973,23.0,0.46808510638297873,8.333333333333334,111
InternVL2-8B → InternVL2.5-8B,POPE,300,266,3,7,24,1.1152416356877324,98.88475836431226,22.580645161290324,3.333333333333333,0.4285714285714285,1.3333333333333333,InternVL2-8B → InternVL2.5-8B,POPE,0,3,0,0,0,3,3,3,266,3,7,24,0,300,0,1.1152416356877324,98.88475836431226,22.580645161290324,3.3333333333333335,0.42857142857142855,1.3333333333333333,24
InternVL2-8B → InternVL2.5-8B,VCR,300,191,20,22,67,9.47867298578199,90.521327014218,24.719101123595507,14.0,0.9090909090909092,0.6666666666666666,InternVL2-8B → InternVL2.5-8B,VCR,0,0,0,0,20,20,20,20,191,0,22,67,20,280,0,0.0,100.0,24.719101123595507,7.857142857142857,0.0,7.857142857142857,67
InternVL2-8B → InternVL2.5-8B,MMBench,300,242,5,15,38,2.0242914979757085,97.97570850202428,28.30188679245283,6.666666666666667,0.3333333333333333,3.333333333333333,InternVL2-8B → InternVL2.5-8B,MMBench,0,5,0,0,0,5,5,5,242,5,15,38,0,300,0,2.0242914979757085,97.97570850202429,28.30188679245283,6.666666666666667,0.3333333333333333,3.3333333333333335,38
IDEFICS-9B-Instruct → Idefics2-8B,VQAv2,300,10,0,249,41,0.0,100.0,85.86206896551724,83.0,0.0,83.0,,,0,0,0,0,0,0,0,0,10,0,249,41,0,300,0,0.0,100.0,85.86206896551724,83.0,0.0,83.0,41
IDEFICS-9B-Instruct → Idefics2-8B,ScienceQA,300,164,18,90,28,9.89010989010989,90.1098901098901,76.27118644067797,36.0,0.2,24.0,IDEFICS-9B-Instruct → Idefics2-8B,ScienceQA,0,18,0,0,0,18,18,18,164,18,90,28,0,300,0,9.89010989010989,90.10989010989012,76.27118644067797,36.0,0.2,24.0,28
IDEFICS-9B-Instruct → Idefics2-8B,MathVista,300,34,25,101,140,42.3728813559322,57.6271186440678,41.90871369294606,42.0,0.2475247524752475,25.33333333333333,IDEFICS-9B-Instruct → Idefics2-8B,MathVista,0,25,0,0,0,25,25,25,34,25,101,140,0,300,0,42.3728813559322,57.6271186440678,41.90871369294606,42.0,0.24752475247524752,25.333333333333332,140
IDEFICS-9B-Instruct → Idefics2-8B,TextVQA,300,1,0,215,84,0.0,100.0,71.90635451505017,71.66666666666667,0.0,71.66666666666667,,,0,0,0,0,0,0,0,0,1,0,215,84,0,300,0,0.0,100.0,71.90635451505017,71.66666666666667,0.0,71.66666666666667,84
IDEFICS-9B-Instruct → Idefics2-8B,MMMU,300,51,41,72,136,44.56521739130435,55.43478260869565,34.61538461538461,37.66666666666666,0.5694444444444444,10.333333333333334,IDEFICS-9B-Instruct → Idefics2-8B,MMMU,0,41,0,0,0,41,41,41,51,41,72,136,0,300,0,44.56521739130435,55.43478260869565,34.61538461538461,37.666666666666664,0.5694444444444444,10.333333333333334,136
IDEFICS-9B-Instruct → Idefics2-8B,POPE,300,230,13,27,30,5.349794238683128,94.65020576131688,47.36842105263158,13.333333333333334,0.4814814814814814,4.666666666666667,IDEFICS-9B-Instruct → Idefics2-8B,POPE,0,12,0,0,1,13,13,13,230,12,27,30,1,299,0,4.958677685950414,95.04132231404958,47.36842105263158,13.043478260869565,0.4444444444444444,5.016722408026756,30
IDEFICS-9B-Instruct → Idefics2-8B,VCR,300,84,20,122,74,19.23076923076923,80.76923076923077,62.24489795918368,47.333333333333336,0.1639344262295081,34.0,IDEFICS-9B-Instruct → Idefics2-8B,VCR,0,0,0,0,20,20,20,20,84,0,122,74,20,280,0,0.0,100.0,62.244897959183675,43.57142857142857,0.0,43.57142857142857,74
IDEFICS-9B-Instruct → Idefics2-8B,MMBench,300,132,14,95,59,9.58904109589041,90.4109589041096,61.688311688311686,36.333333333333336,0.1473684210526315,27.0,IDEFICS-9B-Instruct → Idefics2-8B,MMBench,0,13,0,0,1,14,14,14,132,13,95,59,1,299,0,8.96551724137931,91.03448275862068,61.688311688311686,36.12040133779264,0.1368421052631579,27.4247491638796,59
Idefics2-8B → Idefics3-8B,VQAv2,300,243,16,11,30,6.177606177606178,93.82239382239382,26.82926829268293,9.0,1.4545454545454546,-1.6666666666666667,Idefics2-8B → Idefics3-8B,VQAv2,2,9,0,1,4,16,16,16,245,9,11,31,4,296,0,3.543307086614173,96.45669291338582,26.19047619047619,6.756756756756757,0.8181818181818182,0.6756756756756757,30
Idefics2-8B → Idefics3-8B,ScienceQA,300,223,31,18,28,12.20472440944882,87.79527559055119,39.130434782608695,16.333333333333332,1.7222222222222223,-4.333333333333333,Idefics2-8B → Idefics3-8B,ScienceQA,0,31,0,0,0,31,31,31,223,31,18,28,0,300,0,12.204724409448819,87.79527559055119,39.130434782608695,16.333333333333332,1.7222222222222223,-4.333333333333333,28
Idefics2-8B → Idefics3-8B,MathVista,300,104,31,40,125,22.96296296296296,77.03703703703704,24.24242424242424,23.666666666666668,0.775,3.0,Idefics2-8B → Idefics3-8B,MathVista,0,31,0,0,0,31,31,31,104,31,40,125,0,300,0,22.962962962962962,77.03703703703704,24.242424242424242,23.666666666666668,0.775,3.0,125
Idefics2-8B → Idefics3-8B,TextVQA,300,185,31,36,48,14.351851851851851,85.64814814814815,42.85714285714285,22.33333333333333,0.8611111111111112,1.6666666666666667,Idefics2-8B → Idefics3-8B,TextVQA,6,23,0,0,2,31,31,31,191,23,36,48,2,298,0,10.74766355140187,89.25233644859813,42.857142857142854,19.798657718120804,0.6388888888888888,4.3624161073825505,48
Idefics2-8B → Idefics3-8B,MMMU,300,73,50,68,109,40.65040650406504,59.34959349593496,38.4180790960452,39.333333333333336,0.7352941176470589,6.0,Idefics2-8B → Idefics3-8B,MMMU,0,50,0,0,0,50,50,50,73,50,68,109,0,300,0,40.65040650406504,59.34959349593496,38.4180790960452,39.333333333333336,0.7352941176470589,6.0,109
Idefics2-8B → Idefics3-8B,POPE,300,249,8,13,30,3.11284046692607,96.88715953307393,30.232558139534884,7.0,0.6153846153846154,1.6666666666666667,Idefics2-8B → Idefics3-8B,POPE,0,8,0,0,0,8,8,8,249,8,13,30,0,300,0,3.11284046692607,96.88715953307393,30.232558139534884,7.0,0.6153846153846154,1.6666666666666667,30
Idefics2-8B → Idefics3-8B,VCR,300,167,39,33,61,18.932038834951456,81.06796116504854,35.1063829787234,24.0,1.181818181818182,-2.0,Idefics2-8B → Idefics3-8B,VCR,0,0,0,0,39,39,39,39,167,0,33,61,39,261,0,0.0,100.0,35.1063829787234,12.64367816091954,0.0,12.64367816091954,61
Idefics2-8B → Idefics3-8B,MMBench,300,206,21,33,40,9.251101321585905,90.7488986784141,45.2054794520548,18.0,0.6363636363636364,4.0,Idefics2-8B → Idefics3-8B,MMBench,0,13,0,0,8,21,21,21,206,13,33,40,8,292,0,5.936073059360731,94.06392694063926,45.205479452054796,15.753424657534246,0.3939393939393939,6.8493150684931505,40
Ovis1.6-3B → Ovis2-2B,VQAv2,300,246,10,16,28,3.90625,96.09375,36.36363636363637,8.666666666666666,0.625,2.0,Ovis1.6-3B → Ovis2-2B,VQAv2,1,5,0,1,3,10,10,10,247,5,16,29,3,297,0,1.9841269841269842,98.01587301587301,35.55555555555556,7.070707070707071,0.3125,3.7037037037037037,28
Ovis1.6-3B → Ovis2-2B,ScienceQA,300,235,19,25,21,7.480314960629921,92.51968503937007,54.34782608695652,14.666666666666666,0.76,2.0,Ovis1.6-3B → Ovis2-2B,ScienceQA,0,19,0,0,0,19,19,19,235,19,25,21,0,300,0,7.480314960629921,92.51968503937007,54.34782608695652,14.666666666666666,0.76,2.0,21
Ovis1.6-3B → Ovis2-2B,MathVista,300,139,19,39,103,12.025316455696204,87.9746835443038,27.464788732394368,19.33333333333333,0.4871794871794871,6.666666666666667,Ovis1.6-3B → Ovis2-2B,MathVista,0,19,0,0,0,19,19,19,139,19,39,103,0,300,0,12.025316455696203,87.9746835443038,27.464788732394368,19.333333333333332,0.48717948717948717,6.666666666666667,103
Ovis1.6-3B → Ovis2-2B,TextVQA,300,194,25,46,35,11.415525114155251,88.58447488584474,56.79012345679013,23.666666666666668,0.5434782608695652,7.0,Ovis1.6-3B → Ovis2-2B,TextVQA,5,16,0,0,4,25,25,25,199,16,46,35,4,296,0,7.441860465116279,92.55813953488372,56.79012345679013,20.945945945945947,0.34782608695652173,10.135135135135135,35
Ovis1.6-3B → Ovis2-2B,MMMU,300,67,57,44,132,45.96774193548387,54.03225806451613,25.0,33.666666666666664,1.2954545454545454,-4.333333333333333,Ovis1.6-3B → Ovis2-2B,MMMU,0,57,0,0,0,57,57,57,67,57,44,132,0,300,0,45.96774193548387,54.03225806451613,25.0,33.666666666666664,1.2954545454545454,-4.333333333333333,132
Ovis1.6-3B → Ovis2-2B,POPE,300,265,14,4,17,5.017921146953405,94.9820788530466,19.047619047619047,6.0,3.5,-3.333333333333333,Ovis1.6-3B → Ovis2-2B,POPE,0,7,0,0,7,14,14,14,265,7,4,17,7,293,0,2.573529411764706,97.42647058823529,19.047619047619047,3.7542662116040955,1.75,-1.023890784982935,17
Ovis1.6-3B → Ovis2-2B,VCR,300,161,32,26,81,16.580310880829014,83.41968911917098,24.299065420560748,19.33333333333333,1.2307692307692308,-2.0,Ovis1.6-3B → Ovis2-2B,VCR,0,1,0,0,31,32,32,32,161,1,26,81,31,269,0,0.6172839506172839,99.38271604938272,24.299065420560748,10.037174721189592,0.038461538461538464,9.293680297397769,81
Ovis1.6-3B → Ovis2-2B,MMBench,300,225,18,18,39,7.407407407407407,92.5925925925926,31.57894736842105,12.0,1.0,0.0,Ovis1.6-3B → Ovis2-2B,MMBench,0,15,0,0,3,18,18,18,225,15,18,39,3,297,0,6.25,93.75,31.57894736842105,11.11111111111111,0.8333333333333334,1.0101010101010102,39
Ovis2-2B → Ovis2.5-2B,VQAv2,300,252,10,13,25,3.816793893129771,96.18320610687024,34.21052631578947,7.666666666666667,0.7692307692307693,1.0,Ovis2-2B → Ovis2.5-2B,VQAv2,0,2,0,0,8,10,10,10,252,2,13,25,8,292,0,0.7874015748031497,99.21259842519684,34.21052631578947,5.136986301369863,0.15384615384615385,3.767123287671233,25
Ovis2-2B → Ovis2.5-2B,ScienceQA,300,250,10,32,8,3.8461538461538463,96.15384615384616,80.0,14.0,0.3125,7.333333333333333,Ovis2-2B → Ovis2.5-2B,ScienceQA,0,10,0,0,0,10,10,10,250,10,32,8,0,300,0,3.8461538461538463,96.15384615384616,80.0,14.0,0.3125,7.333333333333333,8
Ovis2-2B → Ovis2.5-2B,MathVista,300,148,30,29,93,16.853932584269664,83.14606741573033,23.770491803278688,19.666666666666668,1.0344827586206895,-0.3333333333333333,Ovis2-2B → Ovis2.5-2B,MathVista,2,28,0,0,0,30,30,30,150,28,29,93,0,300,0,15.730337078651685,84.26966292134831,23.770491803278688,19.0,0.9655172413793104,0.3333333333333333,93
Ovis2-2B → Ovis2.5-2B,TextVQA,300,216,24,33,27,10.0,90.0,55.0,19.0,0.7272727272727273,3.0,Ovis2-2B → Ovis2.5-2B,TextVQA,10,10,0,0,4,24,24,24,226,10,33,27,4,296,0,4.237288135593221,95.76271186440678,55.0,14.527027027027026,0.30303030303030304,7.77027027027027,27
Ovis2-2B → Ovis2.5-2B,MMMU,300,82,29,64,125,26.126126126126128,73.87387387387388,33.86243386243386,31.0,0.453125,11.666666666666666,Ovis2-2B → Ovis2.5-2B,MMMU,0,29,0,0,0,29,29,29,82,29,64,125,0,300,0,26.126126126126128,73.87387387387388,33.86243386243386,31.0,0.453125,11.666666666666666,125
Ovis2-2B → Ovis2.5-2B,POPE,300,263,6,10,21,2.2304832713754648,97.76951672862454,32.25806451612903,5.333333333333333,0.6,1.3333333333333333,Ovis2-2B → Ovis2.5-2B,POPE,0,6,0,0,0,6,6,6,263,6,10,21,0,300,0,2.2304832713754648,97.76951672862454,32.25806451612903,5.333333333333333,0.6,1.3333333333333333,21
Ovis2-2B → Ovis2.5-2B,VCR,300,161,26,30,83,13.903743315508022,86.09625668449198,26.54867256637168,18.666666666666668,0.8666666666666667,1.3333333333333333,Ovis2-2B → Ovis2.5-2B,VCR,0,0,0,0,26,26,26,26,161,0,30,83,26,274,0,0.0,100.0,26.548672566371682,10.94890510948905,0.0,10.94890510948905,83
Ovis2-2B → Ovis2.5-2B,MMBench,300,229,14,25,32,5.761316872427984,94.23868312757202,43.85964912280702,13.0,0.56,3.6666666666666665,Ovis2-2B → Ovis2.5-2B,MMBench,0,9,0,0,5,14,14,14,229,9,25,32,5,295,0,3.7815126050420167,96.21848739495799,43.85964912280702,11.525423728813559,0.36,5.423728813559322,32
