Update,N,N_resolved,CC,CI,IC,II,unclear,RR,BP,IR,BC,RB,dAcc
LLaVA-1.5 → LLaVA-1.6,2397,2366,1205,127,298,736,31,9.534534534534535,90.46546546546547,28.820116054158607,17.962806424344887,0.4261744966442953,7.2273879966187655
LLaVA-1.6 → LLaVA-OneVision,2399,2366,1347,114,483,422,33,7.8028747433264884,92.19712525667352,53.370165745856355,25.232459847844463,0.2360248447204969,15.595942519019442
Qwen2-VL-2B → Qwen2.5-VL-3B,2399,2364,1453,140,290,481,35,8.788449466415567,91.21155053358443,37.61348897535668,18.189509306260575,0.4827586206896552,6.345177664974619
Qwen2-VL-7B → Qwen2.5-VL-7B,2399,2359,1647,89,231,392,40,5.126728110599078,94.87327188940093,37.07865168539326,13.565069944891903,0.3852813852813853,6.019499788045782
InternVL2-2B → InternVL2.5-2B,2400,2362,1506,115,240,501,38,7.094386181369525,92.90561381863047,32.388663967611336,15.029635901778153,0.4791666666666667,5.292125317527519
InternVL2-4B → InternVL2.5-4B,2399,2355,1625,91,227,412,44,5.303030303030303,94.6969696969697,35.52425665101721,13.503184713375797,0.4008810572687225,5.774946921443736
InternVL2-8B → InternVL2.5-8B,2400,2372,1731,65,155,421,28,3.6191536748329622,96.38084632516704,26.90972222222222,9.27487352445194,0.41935483870967744,3.794266441821248
IDEFICS-9B-Instruct → Idefics2-8B,2400,2378,706,109,971,592,22,13.374233128834355,86.62576687116564,62.12412028150992,45.41631623212784,0.11225540679711637,36.248948696383515
Idefics2-8B → Idefics3-8B,2400,2347,1458,165,252,472,53,10.166358595194085,89.83364140480592,34.806629834254146,17.767362590541115,0.6547619047619048,3.7068598210481465
Ovis1.6-3B → Ovis2-2B,2400,2352,1538,139,218,457,48,8.28861061419201,91.71138938580799,32.2962962962963,15.178571428571429,0.6376146788990825,3.358843537414966
Ovis2-2B → Ovis2.5-2B,2400,2357,1613,94,236,414,43,5.506736965436438,94.49326303456357,36.30769230769231,14.000848536274926,0.3983050847457627,6.024607551972847
